Options +Includes
AddHandler server-parsed .shtml .html .htm
AddHandler php5-script .php

# ErrorDocument 400 http://simoncorry.com/400.php
# ErrorDocument 401 http://simoncorry.com/402.php
# ErrorDocument 403 http://simoncorry.com/403.php
# ErrorDocument 404 http://simoncorry.com/404.php
# ErrorDocument 408 http://simoncorry.com/
# ErrorDocument 500 http://simoncorry.com/

# Companies

Redirect permanent /hyperakt/ http://hyperakt.com/
Redirect permanent /hyperakt http://hyperakt.com/

Redirect permanent /inc/ http://inc.com/
Redirect permanent /inc http://inc.com/ 

# Social Networks

Redirect permanent /twitter/ http://twitter.com/#!/simoncorry
Redirect permanent /twitter http://twitter.com/#!/simoncorry

Redirect permanent /facebook/ http://www.facebook.com/simoncorry
Redirect permanent /facebook http://www.facebook.com/simoncorry

Redirect permanent /linkedin/ http://www.linkedin.com/in/simoncorry
Redirect permanent /linkedin http://www.linkedin.com/in/simoncorry

Redirect permanent /plus/ https://plus.google.com/112943355702113622332/
Redirect permanent /plus https://plus.google.com/112943355702113622332/

Redirect permanent /googleplus/ https://plus.google.com/112943355702113622332/
Redirect permanent /googleplus https://plus.google.com/112943355702113622332/

Redirect permanent /gplus/ https://plus.google.com/112943355702113622332/
Redirect permanent /gplus https://plus.google.com/112943355702113622332/

Redirect permanent /google/ https://plus.google.com/112943355702113622332/
Redirect permanent /google https://plus.google.com/112943355702113622332/

Redirect permanent /behance/ http://behance.net/simoncorry
Redirect permanent /behance http://behance.net/simoncorry

Redirect permanent /dribbble/ http://dribbble.com/simoncorry
Redirect permanent /dribbble http://dribbble.com/simoncorry

Redirect permanent /forrst/ http://forrst.com/people/simoncorry
Redirect permanent /forrst http://forrst.com/people/simoncorry

Redirect permanent /github/ http://github.com/simoncorry
Redirect permanent /github http://github.com/simoncorry

Redirect permanent /delicious/ http://delicious.com/simoncorry
Redirect permanent /delicious http://delicious.com/simoncorry

Redirect permanent /bitly/ https://bitly.com/u/simoncorry
Redirect permanent /bitly https://bitly.com/u/simoncorry

# Main Site

Redirect permanent /index.php /hi
Redirect permanent /* /hi

Redirect permanent /mobile/ http://simoncorry.com/
Redirect permanent /mobile http://simoncorry.com/

Redirect permanent http://mobile.simoncorry.com/ http://simoncorry.com/
Redirect permanent http://mobile.simoncorry.com http://simoncorry.com/

Redirect permanent /creative/ https://plus.google.com/112943355702113622332/about
Redirect permanent /creative https://plus.google.com/112943355702113622332/about

Redirect permanent /about/ https://plus.google.com/112943355702113622332/about
Redirect permanent /about https://plus.google.com/112943355702113622332/about

Redirect permanent /simon/ https://plus.google.com/112943355702113622332/about
Redirect permanent /simon https://plus.google.com/112943355702113622332/about

Redirect permanent /blog/ https://plus.google.com/112943355702113622332/posts
Redirect permanent /blog https://plus.google.com/112943355702113622332/posts

Redirect permanent /portfolio/ http://simoncorry.com/dribbble
Redirect permanent /portfolio http://simoncorry.com/dribbble

Redirect permanent /pixels/ http://simoncorry.com/dribbble
Redirect permanent /pixels http://simoncorry.com/dribbble

Redirect permanent /projects/ http://simoncorry.com/dribbble
Redirect permanent /projects http://simoncorry.com/dribbble

Redirect permanent /work/ http://simoncorry.com/dribbble
Redirect permanent /work http://simoncorry.com/dribbble

Redirect permanent /folio/ http://simoncorry.com/dribbble
Redirect permanent /folio http://simoncorry.com/dribbble

Redirect permanent /play/ http://labs.simoncorry.com/
Redirect permanent /play http://labs.simoncorry.com/

Redirect permanent /contact/ https://plus.google.com/112943355702113622332/about
Redirect permanent /contact https://plus.google.com/112943355702113622332/about

Redirect permanent /hello/ https://plus.google.com/112943355702113622332/about
Redirect permanent /hello https://plus.google.com/112943355702113622332/about

Redirect permanent /oy/ https://plus.google.com/112943355702113622332/about
Redirect permanent /oy https://plus.google.com/112943355702113622332/about

<IfModule mod_rewrite.c>

RewriteEngine On
RewriteBase /

# remove .php; use THE_REQUEST to prevent infinite loops
RewriteCond %{THE_REQUEST} ^GET\ (.*)\.php\ HTTP
RewriteRule (.*)\.php$ $1 [R=301]

# remove index
RewriteRule (.*)/index$ $1/ [R=301]

# remove slash if not directory
RewriteCond %{REQUEST_FILENAME} !-d
RewriteCond %{REQUEST_URI} /$
RewriteRule (.*)/ $1 [R=301]

# add .php to access file, but don't redirect
RewriteCond %{REQUEST_FILENAME}.php -f
RewriteCond %{REQUEST_URI} !/$
RewriteRule (.*) $1\.php [L]
